{
  "score": 10,
  "visitors_helped": 1,
  "game_time": 36.502562100067735,
  "player_x": 1216.0,
  "player_y": 112.0,
  "mana": 96.04009010014124
}